0,Track Title,Artist Name,Album Name,Writer(s)/ Composer(s),Othername,ISNI code,IPI code,ISRC,SESAC Work ID,SESAC Publisher,ASCAP Work ID,ASCAP Publisher,ASCAP Publishers' IPI,BMI Work ID,BMI Publisher,GMR Work ID,GMR Publisher,GMR Publishers' IPI
1,Runaway baby,Bruno Mars,Runaway Baby,Bruno Mars,Peter Gene Hernandez,['0000000117226071'],"['00477487104', '00583145346', '00583145444']",283c4b1b-d831-4e5f-a0f8-26d0c34f299f,984901,BEANIE MALEANIE SONGS,881899134,BMG FIREFLY,725496126,12234522,FULTON AVENUE MUSIC,100045100,MARS FORCE MUSIC,583434436
2,Look what you made me do,Taylor Swift,,,Nils Sjöberg,['0000000078519858'],"['00454808047', '00454808145', '00454808243', '00804356845']",93bba658-822f-4eb7-a7dc-508f8880538d,s,WARNER/CHAPPELL MUSIC PUBLISHING LIMITED,420576256,UNIVERSAL MUSIC- MGB SONGS,538724724,25215544,DUCKY DONATH MUSIC,NO RESULT,,
3,You belong with me,Taylor Swift,,,Nils Sjöberg,['0000000078519858'],"['00454808047', '00454808145', '00454808243', '00804356845']",ee8ab415-15bc-4ed3-abb5-55da3eb13fec,918273,MIGHTY NICE MUSIC,550151647,WC MUSIC CORP,53026414,9611045,ORBISON MUSIC LLC,NO RESULT,,
4,Never say never,Justin Bieber,,,not found,['0000000114791200'],"['00611935265', '00611935363']",4f0a664e-480c-4c4f-ab40-69dee8c6b15c,163632,CLAYTON-NORMAN PUBL CO,530957878,HUMASSIVE MUSIC,338710658,13703742,SHIRA LEE LAWRENCE RICK MUSIC,100061956,UNIVERSAL MUSIC WORKS,832425062
5,Just the way you are,Bruno Mars,,,Peter Gene Hernandez,['0000000117226071'],"['00477487104', '00583145346', '00583145444']",ce3aa276-464d-419c-9bf0-169550ae619b,82896,LORNE MATTHEWS FAMILY PROD,400037367,EMI ROBBINS CATALOG INC,128632966,14414169,DOWNTOWN DMP SONGS,100044972,MARS FORCE MUSIC,583434436
6,When I was your man,Bruno Mars,,,Peter Gene Hernandez,['0000000117226071'],"['00477487104', '00583145346', '00583145444']",5b944ec8-9c49-4d44-a0f2-b7056fd682ad,Not found,,530326380,KEVIN SAVIGAR MUSIC,126832282,14992124,DOWNTOWN DMP SONGS,100045161,MARS FORCE MUSIC,583434436
7,The way you make me feel,Michael Jackson,,,not found,['000000011023081X'],"['00002961801', '00523553664']",ea463125-41a0-4c6f-9883-c894c8f7b5e5,645520,GAS GRASS OR ASS PUBLISHING,501005398,TAFARI MUSIC INC,338650451,6397212,BMG PLATINUM SONGS US,100061609,BADAMS MUSIC LIMITED,NO RESULT
8,Beat it,Michael Jackson,,,not found,['000000011023081X'],"['00002961801', '00523553664']",08ff9606-41c4-4281-ba9c-1b1b5e0b5471,6989,DAWN TREADER MUSIC,320026477,BOURNE CO,3915803,94884,REENY RHYTHMS INC,100070618,WARNER-GRANDVIEW MUSIC,NO RESULT
9,Earth song,Michael Jackson,,,not found,['000000011023081X'],"['00002961801', '00523553664']",998a69ff-411e-465e-89f1-275610785142,35888,CONVENTION PRESS,350078249,UNIVERSAL MUSIC CORPORATION,31312147,2059527,MIJAC MUSIC,NO RESULT,NO RESULT,NO RESULT
10,We belong together,Mariah carey,,,not found,['0000000114722280'],['00227453081'],3833b59c-931e-4c16-b541-0209a95c8b61,601618,CARDRAYGEE MUSIC PUBLISHING,530019024,CATSOS MUSIC,74209386,7558879,ABKCO MUSIC INC,100087263,FOX GLOBAL MUSIC INC,801538365
11,All I want for Christmas is you,Mariah carey,,,not found,['0000000114722280'],['00227453081'],e00d00c7-ba08-4f3a-8e33-8f51ab935d65,544475,JIM JENDA PUBLISHING,310297042,SONGS OF DELTA BOY MUSIC CO,335928736,21534931,JUSTIN PETERS MUSIC,NO RESULT,NO RESULT,NO RESULT
12,We Found Love,Rihanna,,,not found,['0000000114766419'],"['00479976469', '00479976665', '00486793099']",06bbb1c5-e06c-4731-b032-e8994259a7eb,62002,SAGE-SAND-MUSIC,530019702,BIENSTOCK PUBLISHING COMPANY,31220448,29426727,ULTRA EMPIRE MUSIC,NO RESULT,NO RESULT,NO RESULT
13,Go Crazy,Chris Brown,,,Christopher Maurice Brown,not found,['00484845803'],af3df434-5ee7-4311-b81a-8b3bb0c1fd45,48,DEIRO-PIETRO PUBL,370512777,UNIVERSAL MUSIC CORPORATION,31312147,7760005,EMI BLACKWOOD MUSIC INC,100065227,WARNER-GRANDVIEW MUSIC,NO RESULT
14,Look at me now,Chris Brown,,,Christopher Maurice Brown,not found,['00484845803'],8609c19c-f974-4b38-b797-56a60c356588,58622374,PFILBRYTETUNES,420130530,BIENSTOCK PUBLISHING COMPANY,31220448,1946322,UNIVERSAL MUSIC BRENTWOOD BENSON SONGS,100078421,BADAMS MUSIC LIMITED,663536627
15,In my Feelings,Drake,,,not found,['000000012032246X'],['00529397022'],60fc91ce-8af3-416c-84c5-1ab895b71001,30645,NATIONAL-MUSIC CO INC,885794949,BASSBOX PUBLISHING,675879669,28028136,EIGHTH AND GROOVE MUSIC,100069435,R RATED MUSIC,506040992
16,Chicago Freestyle,Drake,,,not found,['000000012032246X'],['00529397022'],91d78d25-ff37-4a55-a51b-c1d03d682985,Not found,Not found,No result,,,NO RESULT,,100091733,SANDRA GALE,793789464
17,All of the Lights,Kanye West,,,Kanye Omari West,"['0000000116557565', '0000000362939198']","['00335677734', '00451108296']",2e8b9ae3-9ecc-4af9-b374-c30b78e60f40,885633,ARBOUR INTERACTIVE,882654292,TUNEDGE MUSIC,342234496,12426989,EMI BLACKWOOD MUSIC INC,NO RESULT,NO RESULT,NO RESULT
18,Smells Like Teen Spirit,Nirvana,,,Nirvana,"['0000000123486830', '0000000123487390']",not found,ab02e46e-83be-48ad-b8bf-b580061c4fc6,576034,BMG RIGHTS MANAGEMENT (UK) LIMITED,905650303,BMG RIGHTS MANAGEMENT (UK) LIMITED,576134244,1358504,MJ TWELVE MUSIC,NO RESULT,NO RESULT,NO RESULT
19,I Want To Hold Your Hand,The Beatles,,,not found,['0000000121707484'],not found,fd9abcee-a0c0-4732-8375-9fc519937f3b,Not found,Not found,390189492,SONY/ATV TUNES LLC,338164558,7723628,DE MUSIC,100073317,NO RESULT,NO RESULT
20,You'll Never Walk Alone,Gerry and the Pacemakers,,,Gerry And The Peacemakers,['0000000122845416'],not found,f8a271cd-3662-4742-8ef8-d5ed7c728cae,690462272,INCONNU EDITEUR,551030730,No result,No result,1723059,BAYJUN BEAT MUSIC,NO RESULT,NO RESULT,NO RESULT
21,All You Need Is Love,The Beatles,,,not found,['0000000121707484'],not found,8785064f-7059-47ff-af5b-c6cda6c7f182,690440998,COPYRIGHT ADMINISTRATION FILMS,310108586,NORTHERN SONGS LTD,22562608,27381,NO RESULT,NO RESULT,NO RESULT,NO RESULT
22,Complicated,Avril Lavigne,,,Avril Ramona Lavigne,['0000000114946276'],['00424984337'],2cb5da04-877f-436d-b074-377afdc85c58,531242,FOX STREET MUSIC,330544933,MICHAEL STANLEY MUSIC CO,43914585,6043228,MR SPOCK MUSIC,NO RESULT,NO RESULT,NO RESULT
23,When you are gone,Avril Lavigne,,,Avril Ramona Lavigne,['0000000114946276'],['00424984337'],7e4c16ab-d864-4039-a8bd-94146fe9e6fb,620966,GRASS STRAND MUSIC,530637053,ANTONIO CARLOS DEFEO MUSIC,No result,1651220,SONY/ATV TREE PUBLISHING,NO RESULT,NO RESULT,NO RESULT
24,Genie in a Bottle,Christina Aguilera,,,Christina Aquilera,['000000005518483X'],['00426316475'],a80cbb3c-d04d-4858-be91-77fd8a8b688a,1064418,TWILITE TUNES,370330302,EMI APRIL MUSIC INC,128633767,5030266,MANIFESTED DAY MUSIC,NO RESULT,NO RESULT,NO RESULT
25,Baby One more time,Britney spears,,,not found,['0000000109898265'],['00353662065'],dfff3010-3168-4d2b-a51f-2b317dc2f0fc,No result,No result,320500025,GV-MXM,698743182,73510,LAMASCO MUSIC,NO RESULT,NO RESULT,NO RESULT
26,Toxic,Britney spears,,,not found,['0000000109898265'],['00353662065'],2ce16f43-a737-46c3-a73d-ad453d070a87,582220,JILLIAN DVG MUSIC,500702627,ARLOVOL MUSIC,589665378,4096254,USA ATMOSPHERE MUSIC PUBLISHING,100083440,NO RESULT,NO RESULT
27,Just give me a reason,P!nk,,,Pink,['000000012028175X'],['00342943558'],31a458eb-3e14-4259-8786-d2a8531f3a8d,53977333,SONY/ATV CROSS KEYS PUBLISHING,889173525,DON-WOLFEN MUSIC,276515155,14740158,EMI BLACKWOOD MUSIC INC,NO RESULT,NO RESULT,NO RESULT
28,What about us,P!nk,,,Pink,['000000012028175X'],['00342943558'],3ddc38ab-a303-47e5-a867-15e874b461b6,507269,SONY/ATV SPRINGHOUSE MUSIC,341480955,BMG 10 MUSIC LIMITED,714379143,25125540,EMI BLACKWOOD MUSIC INC,NO RESULT,NO RESULT,NO RESULT
29,Beautiful Trauma,P!nk,,,Pink,['000000012028175X'],['00342943558'],30086ee6-01c1-466f-b9da-dacd4a8f0e75,No result,No result,No result,,,25600303,DUCKY DONATH MUSIC,NO RESULT,NO RESULT,NO RESULT
30,Walk me home,P!nk,,,Pink,['000000012028175X'],['00342943558'],cb197d47-e359-4aaf-bb19-33cbb88fb5da,46463,JOHN DANIEL,530130000,No result,No result,29616475,PINK INSIDE PUBLISHING,100001997,TEMPO INVESTMENTS/SMACK HITS,NO RESULT
31,Rain on me,Lady Gaga,,,not found,['0000000120254559'],"['00519338344', '00519338442', '00519338540']",bea8841c-fc67-4f3a-a043-c5024524f590,1345,CENTURY MUSIC PUB CO INC,480213525,CHURN MUSIC,128421297,6552666,D J IRV PUBLISHING,100044536,DOWNTOWN GLOBAL TWO,857383792
32,Poker Face,Lady Gaga,,,not found,['0000000120254559'],"['00519338344', '00519338442', '00519338540']",85b327eb-fa99-4aa4-a020-aaef60391618,730955,FORGOTTEN FABLE,460056000,EMI ROBBINS CATALOG INC,128632966,9990767,HOUSE OF GAGA PUBLISHING LLC,NO RESULT,NO RESULT,NO RESULT
33,Born this way,Lady Gaga,,,not found,['0000000120254559'],"['00519338344', '00519338442', '00519338540']",964a002e-338e-4db5-a630-556d452ae671,57286520,ESCAPE THE ORDINARY MUSIC,320562852,UNIVERSAL MUSIC- MGB SONGS,538724724,12342685,GARIBAY MUSIC PUBLISHING,NO RESULT,NO RESULT,NO RESULT
34,Dark Horse,Katy perry,,,not found,['000000007371737X'],"['00292555933', '00515661558', '00515661656']",b7903062-7af8-49e7-897c-0c8a0a44d5fa,623081,BEACH STREET MUSIC,340152632,UMLAUT CORPORATION (ASCAP),451956732,16480753,DEEETTA MUSIC,100068013,FOX GLOBAL MUSIC INC,801538365
35,Hot n Cold,Katy perry,,,not found,['000000007371737X'],"['00292555933', '00515661558', '00515661656']",d9ef8d99-62ed-4afd-85a1-212578af07c6,58794,40 WEST,380075249,WARNER BROS INC (WARNER BROS MUSIC DIV),58855632,587106,UNIVERSAL SONGS OF POLYGRAM INTERNATIONAL INC,NO RESULT,NO RESULT,NO RESULT
36,Last Friday Night,Katy perry,,,not found,['000000007371737X'],"['00292555933', '00515661558', '00515661656']",d98ca9a7-ccf5-4ada-a816-10c5711e69de,688822810,ANTHEM COMPLETE VISION MUSIC,423409056,NOCTIS CULTUS,507885033,11872253,BONNIE MCKEE MUSIC,NO RESULT,NO RESULT,NO RESULT
37,Thinking of You,Katy perry,,,not found,['000000007371737X'],"['00292555933', '00515661558', '00515661656']",a6bfb085-1976-4ac0-96f7-ce7c9b88d5e1,582888,CARTACUP PUBLISHING,500061703,HERALD SQUARE MUSIC CO THE,586632512,1498041,PAUL AND JONATHAN SONGS,100045706,FUTURE FURNITURE MUSIC,51242714
38,We dont talk anymore,Selena gomez,,,not found,['0000000078270714'],['00595330238'],e9aadf98-fa24-418c-9073-8260cb898c0a,735698,CLAMSHELL MUSIC,531517930,MAHARLIKA GIRL MUSIC,462572645,NO RESULT,,NO RESULT,NO RESULT,NO RESULT
39,Let me love you,DJ Snake,,,William Sami Étienne Grigahcine,not found,['00600662780'],b7a28a74-3126-4ef5-90f5-cf4fa4d03541,581706,EMI FORAY MUSIC,333975598,SONY/ATV MUSIC PUBLISHING (UK) LIMITED,269137346,22114058,BRIYUNLEE SONGS,NO RESULT,NO RESULT,NO RESULT
40,Never say never,Justin Bieber,,,not found,['0000000114791200'],"['00611935265', '00611935363']",4f0a664e-480c-4c4f-ab40-69dee8c6b15c,107145,DAWN TREADER MUSIC,440050786,No result,No result,10589185,EMI BLACKWOOD MUSIC INC,100061956,UNIVERSAL MUSIC WORKS,832425062
41,Welcome to Jamrock,Damian Marley,,,Jr. Gong,['0000000107840254'],['00345457353'],280161e6-2e1d-42bc-b8b6-3bee869aa5bb,No result,No result,531369154,BIDDAH MUZIK INC,404242209,7615387,UNIVERSAL SONGS OF POLYGRAM INTERNATIONAL INC,No result,No result,No result
42,Back to Black,Amy Winehouse,,,Amy Jade Winehouse,['0000000079920467'],['00461733556'],733deb77-6a03-4692-94f5-6ff37fc631be,643414,LYRIC COLLISION,320383448,AVERAGE MUSIC,75616365,8423750,BMG PLATINUM SONGS US,No result,No result,No result
43,Poker Face,Lady Gaga,,,not found,['0000000120254559'],"['00519338344', '00519338442', '00519338540']",85b327eb-fa99-4aa4-a020-aaef60391618,730955,FORGOTTEN FABLE,460056000,EMI ROBBINS CATALOG INC,128632966,9990767,HOUSE OF GAGA PUBLISHING LLC,No result,No result,No result
44,Family Affair,Sly and the Family Stone,,,"Sly, The Family Stone",['0000000121831573'],not found,12c8d4cc-005e-48d1-be6d-9fbf58152ed1,567855,AIN'T NOTHING BUT FUNKIN' MUSI,360005067,No result,No result,5577656,COLORSCAPES PUBLISHING,No result,No result,No result
45,Drop it like its hot,Snoop Dogg,,,Snoop Doggy,['0000000120269646'],not found,79b52e14-0341-416e-bb41-6d546475ed73,No result,No result,341187237,MR PAIN PUBLISHING,448211959,5877699,CHOPPER CITY MUSIC PUBLISHING,100047610,WATERS OF NAZARETH PUBLISHING,192989113
46,Heartbeats,The Knife,,,not found,not found,not found,83bc427c-e1cd-44bf-b221-e39002f19000,53653,DOTS AND LINES INK,380031983,No result,No result,547568,BMG PLATINUM SONGS US,100064011,SPRUCE ROAD PUBLISHING,799432288
47,Try Again,Aaliyah,,,Aaliyah Dana Haughton,['0000000059585374'],not found,c77d1b3d-7fce-41b7-a833-5030a79dd836,88448,CINETICS MUSIC,500120390,WALT DISNEY MUSIC COMPANY,580810454,1550800,SONGS OF UNIVERSAL INC,No result,FOX GLOBAL MUSIC INC,801538365
48,Dirt off your shoulder,Jay-Z,,,Shawn Corey Carter,"['0000000118335528', '0000000368615389']","['00240089393', '00240089491', '00240089589']",3d946975-7c90-4484-86f4-36402540cf9c,No result,No result,340964578,CARTER BOYS MUSIC,586631515,7427244,BIG BAD MR HAHN MUSIC,No result,No result,No result
49,Get the party started,P!nk,,,Pink,['000000012028175X'],['00342943558'],22cf2cc2-1ef1-4eaa-8ae1-b9016cb68e10,No result,No result,370990055,CLOVER BEATS SONGS,880157722,14387559,THE REDEMPTIVE PROCESS,No result,No result,No result
50,Hung up,Madonna,,,not found,['000000010782262X'],"['00125053706', '00128246872', '00211854787']",1a5f3a09-778d-4345-8b45-16c57bb334a5,13407,H T FITZSIMONS CO INC,380599568,DICK LITTLE PUBLISHING,342839647,15507115,ALEXEI MISOUL MUSIC,100061283,WE ARE CREATIVE NATION,816507735
51,Use somebody,Kings Of Leon,,,not found,['0000000122901684'],not found,41ed115c-3bbf-46e5-9ea9-e31986bd4f3c,51865970,No result,884869871,ANOZIRA PUBLISHING,419184354,9856673,No result,No result,No result,No result
52,I Bet you look good on the dance floor,Arctic Monkeys,,,The Arctic Monkeys,['000000012270850X'],not found,ec158537-8def-4dec-924f-94d976a0fad8,No result,No result,No result,No result,No result,NO result,No result,No result,No result,No result
53,Viva La vida,Coldplay,,,Cold Play,['000000011551394X'],not found,91f10f2d-fa46-494c-8fb6-dca672b5d891,1060578,UNIVERSAL MUSIC PUBLISHING S A,520017723,EMI FEIST CATALOG INC,128632770,886854,SCREEN GEMS-EMI MUSIC INC,No result,No result,No result
54,Vertigo,U2,,,U2 Kiwi,['0000000121505903'],not found,d381cbdd-b6b4-4abd-9a47-f15d3a5598cb,160770,FILMTRAX INC,220036977,WC MUSIC CORP,53026414,1584458,EMI GOLD HORIZON MUSIC CORP,100002799,ROCK DOG MUSIC,125248492
55,Hard to explain,The Strokes,,,not found,['0000000115477790'],not found,46bd3ddd-d910-4fa1-8eb5-9d6053f3794b,No result,No result,380519966,BMG GOLD SONGS,601191692,526770,SAY-BAH MUSIC,No result,No result,No result
56,The scientist,Friedel Weinert,,,not found,['0000000121220131'],['00626107862'],d690d232-2ad8-4d01-914f-5be80187e4cf,517234,MARCELLI MUSIC,501633898,MOSH RAVE PUBLISHING,448476126,8009296,BRUIN MUSIC COMPANY,No result,No result,No result
57,Beautiful,Christina Aguilera,,,Christina Aquilera,['000000005518483X'],['00426316475'],490081dd-d615-4ab2-894a-0f687c032f40,2749,BROADMAN-PRESS,320027387,JEWEL MUSIC PUBLISHING CO INC,15310339,6340394,EMI BLACKWOOD MUSIC INC,100055514,APOCRAPHEX,437803450
58,Toxic,Britney spears,,,not found,['0000000109898265'],['00353662065'],2ce16f43-a737-46c3-a73d-ad453d070a87,582220,JILLIAN DVG MUSIC,500702627,ARLOVOL MUSIC,589665378,4096254,USA ATMOSPHERE MUSIC PUBLISHING,100083440,No result,No result
59,Wake up,Travis Scott,,,Jacques Berman Webster II,['0000000384091917'],['00682273039'],66a38be9-c54b-4ad9-9f39-1ab1a992b379,455,NEUTRINO MUSIC,230073275,No result,No result,28011587,EMI BLACKWOOD MUSIC INC,100068233,FOX GLOBAL MUSIC INC,801538365
60,Float on,The Floaters,,,Floaters,not found,not found,9783adef-a376-46fe-892f-37de17a60a89,38109,CENTURY MUSIC PUB CO INC,360317846,MAR-TUNE MUSIC,87981416,425031,SONGS OF UNIVERSAL INC,No result,No result,No result
61,Moment of Surrender,U2,,,U2 Kiwi,['0000000121505903'],not found,b1f3562f-ab9b-429a-aaa6-3a5ac8e96b22,No result,No result,433831115,UNIVERSAL MUSIC CORPORATION,31312147,10433626,UPALA MUSIC INC,No result,No result,No result
62,The rising,Bruce Springsteen,,,The Boss,['0000000121418834'],['00076333277'],6beee9ef-68d5-48c7-b919-01bc595d2cad,130497,FILMTRAX INC,502210039,BBC WORLDWIDE MUSIC,263793536,15875409,SONGS OF UNIVERSAL INC,100051071,"TOWSER TUNES
",347220
63,Yellow,Coldplay,,,Cold Play,['000000011551394X'],not found,5673a0e9-d24a-4dfa-9ac1-dca98829e0fc,12802,KENDOR MUSIC INC,550070065,No result,No result,9242383,No result,100048036,INNOCENT BYSTANDER,334034106
64,One more time,Daft Punk,,,Duft Punk,['0000000123531208'],not found,dfff3010-3168-4d2b-a51f-2b317dc2f0fc,117295,ROBERTS & BRADSHAW MUSIC,150023382,No result,No result,5404295,TTUFF TTONY MUSIC,100054101,HUDMAR PUBLISHING CO INC,14526117
65,Take me out,Franz Ferdinand,,,"Ferdinand, Franz",not found,not found,5f93d331-e509-4ae5-b9e1-2f05832a363d,148345,JERRY LA ROSA MUSIC,500345620,UNIVERSAL MUSIC CORPORATION,31312147,9905295,:GO BACK TO SLEEP MUSIC,No result,No result,No result
66,Gold Digger,Kanye West,,,Kanye Omari West,"['0000000116557565', '0000000362939198']","['00335677734', '00451108296']",3857dba2-e195-4e61-a5e6-213c72e74cbc,539559,RELIABLE SOURCE MUSIC LIMITED,370199303,NEW ORLEANS KOLAB INTERNATIONAL MUSIC,246044388,7583980,EMI BLACKWOOD MUSIC INC,No result,No result,No result
67,Everything in its right place,Radiohead,,,r/head,['0000000115475162'],not found,73ee022f-2ecf-4a31-9bec-d5ebd1d3f32d,No result,No result,350273377,WARNER CHAPPELL MUSIC LTD,160187388,25285812,B LION MUSIC,No result,No result,No result
68,Umbrella,Rihanna,,,not found,['0000000114766419'],"['00479976469', '00479976665', '00486793099']",5db31d9e-70a9-4b67-ab55-feddf0e999ef,24137,CHART-MUSIC PUBL HOUSE INC,510148995,UNIVERSAL POLYGRAM INTERNATIONAL PUBLISHING INC,343892736,4077242,LOUD MOUSE MUSIC,100084111,WE ARE CREATIVE NATION,816507735
69,Cry me a river,Justin Timberlake,,,Justin Randall Timberlake,['000000011450569X'],['00345256954'],ce8bc56f-cb4d-4fe2-8ddf-37198711d16e,26921,J M HENSON MUSIC CO,330112417,CHAPPELL-CO INC,5876870,261641,EMBASSY MUSIC CORPORATION,No result,No result,No result
70,Lose yourself,Eminem,,,Ominem,"['0000000117699370', '0000000368611900']","['00354929235', '00354929431']",f35a1398-0e93-4376-825a-8817b986dbd5,94038,No result,420634282,REDD MONSTER PUBLISHING,338714548,6152528,EIGHT MILE STYLE MUSIC,100001861,MORE WATER FROM NAZARETH PUBLISHING INC,602234598
71,Beautiful day,U2,,,U2 Kiwi,['0000000121505903'],not found,779463fb-6e02-4cbd-ad6e-b71d4989062e,10607,HALDOR LILLENAS,320162598,MARLOWLYNN LTD,160210919,16126288,ACHTOBER SONGS,100055005,No result,No result
72,Seven nation army,The White Stripes,,,The Redd & White Stripes,['0000000122537931'],not found,94c5ce06-0273-4e0f-be68-bf4a510e418c,767800,1980 PUBLISHINGS,883982004,EMI MUSIC PUBLISHING LTD,87019563,6406560,PEPPERMINT STRIPE MUSIC,No result,No result,No result
73,Hey ya,OutKast,,,Outcast.,['000000011537277X'],not found,bf22fc06-aa9d-48ae-8435-463088c304f3,22940,S H E BROADCAST PRODUCTIONS CO,380786570,BMG MONARCH,744673419,563859,EMI UNART CATALOG INC,No result,No result,No result
74,Crazy in Love,Beyonce,,,Outcast.,['000000011537277X'],not found,cc8873b3-848f-4a02-baf8-95c9671ccbcc,507905,ASIAMARK PUBLISHING,330302177,EMI JEMAXAL MUSIC INC,340111233,6483135,EMI BLACKWOOD MUSIC INC,100058608,WARNER-GRANDVIEW MUSIC,No result
75,All my friends,Snakehips,,,not found,not found,not found,c1c4bd2a-8311-42e8-8752-b2ed61dbaf12,697953984,UNIVERSAL POLYGRAM INTERNATIONAL TUNES INC,310134100,CHAPPELL-CO INC,5876870,8677292,BMG BUMBLEBEE,100071213,MUSIC BY SMITH,847397783
76,Mr brightside,The Killers,,,"Killers, The",not found,not found,b3f2691c-e66d-4eb1-9dde-e63b6b422ee5,652329,BREUKELEN MUSIC PUBLISHING,No result,No result,No result,5712077,no result,No result,No result,No result
77,Single Ladies,Beyonce,,,"Killers, The",not found,not found,3eaf4872-458c-4521-9edb-94a641f1ad26,No result,No result,496106737,2082 MUSIC PUBLISHING,461641073,13976976,CONCORD COPYRIGHTS,No result,No result,No result
78,Pyramid Song,Radiohead,,,r/head,['0000000115475162'],not found,45e6908d-b34d-422f-b7a1-1f37e18f9aa0,No result,No result,460463098,WARNER CHAPPELL MUSIC LTD,160187388,5930855,AGE OF REASON,No result,No result,No result
79,My city of ruins,Bruce Springsteen,,,The Boss,['0000000121418834'],['00076333277'],2d5489d3-e0f0-40e5-b709-bf7547d31a68,688604838,ZFC MUSIC,430700208,No result,No result,no result,no result,100051952,SPRINGSTEEN BRUCE,36951665
80,Stillness is the move,Dirty Projectors,,,The Dirty Projectors,not found,not found,291a3267-b560-410a-bc33-e66fb4a26156,687017,DOMINO PUB COMPANY OF AMERICA,No result,No result,No result,16445813,EASY TEMPO,No result,No result,No result
81,You Should Be Sad,Halsey,,,Ashley Nicolette Frangipaine,['0000000451160151'],['00739536702'],947a27a6-1830-4992-b1f9-f0d43556135a,No result,No result,906285786,EMI APRIL MUSIC INC,128633767,41125317,17 BLACK MUSIC,No result,No result,No result
82,Imported,Jessie Reyez,,,not found,['0000000467123611'],not found,dddaf716-bb26-4ed6-aa31-46c8344266b6,828111,UNIVERSAL TUNES,880946679,GOOD EARNER,602346485,30489536,no result,No result,No result,No result
83,All in My Head,Fifth Harmony,,,1432,not found,not found,3f72dfe9-b5f0-45da-a576-54dbf85aa9b7,661341,SONGS WITHOUT BORDERS,10117410,WARNER CHAPPELL MUSIC FINLAND OY,255295942,22604,ORIGINAL SINSONGS,100061356,PLEASE DON'T FORGET TO PAY ME MUSIC,799869431
84,All the Cool Girls,Hailey Whitters,,,Hailey Faith Whitters,not found,['00594086123'],fe2f0f1d-7b49-4e90-9abe-78322b465b65,No result,No result,893862537,INKOMPETENT KOSMONAUT PUBLISHING,716467234,28636815,BIG ASS PILE OF DIMES MUSIC,No result,No result,No result
85,No Time to Die,Billie Eilish,,,Billie Eilish Pirate Baird O’Connell,['000000046748058X'],['00792187700'],636f12e1-bc0d-4f7f-83be-6f60d297e56e,155254,G I A PUBLICATIONS INC,884374127,WE ARE UNIFIED PTY LTD,652015382,1079354,no result,No result,No result,No result
86,Fried for the Night,Tokimonsta,,,tokimonsta,not found,not found,15c06879-cd1a-4b82-b89d-0bb8f36a388b,No result,No result,906500038,TOKIMONSTA PUBLISHING,701802682,42076865,DOCTUR DOT PUBLISHING,No result,No result,No result
87,Stupid Love,Lady Gaga,,,not found,['0000000120254559'],"['00519338344', '00519338442', '00519338540']",067a498f-ee30-4945-be3e-6865d8b80a6d,609525,EMI BLACKWOOD MUSIC INC,490692883,PW ARRANGEMENTS,859139694,42419194,HOUSE OF GAGA PUBLISHING LLC,100044650,MATZA BALL MUSIC,527859803
88,Like A prayer,Madonna,,,not found,['000000010782262X'],"['00125053706', '00128246872', '00211854787']",7383a548-c4c4-4021-a001-ad6b281ba48c,555993,AVIATRIX MUSIC,420346361,BLEU DISQUE MUSIC CO INC,3383615,871600,JOHNNY YUMA MUSIC,No result,No result,No result
89,Smoke on the water,Michael Sweeney,,,not found,not found,not found,11d3fca2-d0e2-44e2-b4b7-007087ace115,60499269,HAUS COLLECTION MUSIK,490306826,GLENWOOD MUSIC CORP,12050846,1360413,ADAMS VEE AND ABBOTT INC,No result,No result,No result
90,Rock you like a Hurricane,Scorpions,,,The Scorpions,['0000000110916387'],not found,b9875656-f1a2-4329-9406-eedb09c80350,No result,No result,480180463,EDITION ARABELLA MUSIK MUENCHEN,232906286,no result,no result,No result,No result,No result
91,Losing My Religon,Brooklyn Vegan,,,not found,not found,not found,b7c768cc-922b-4584-adb5-c61281d360f7,No result,No result,No result,No result,No result,no result,no result,No result,No result,No result
92,Good Riddance,McConnell's,,,not found,['000000000312937X'],not found,8d299549-f9bf-4797-bdfc-57c445e13ee1,556943,GREEN DAZE MUSIC,370405777,OZONENIX PUBLISHING,489904003,3710941,DOWNTOWN DMP SONGS,No result,No result,No result
93,Welcome to the Jungle,Alessandro Pasetti,,,Scarlatti,['0000000121253953'],not found,191a8341-cc50-44fe-87e3-eef9a070cb4f,575895,GUNS N' ROSES MUSIC,530320082,BLACK FROG MUSIC,345597038,1625614,STARWILD MUSIC,100055401,BLOOD MERIDIAN,847397685
94,Tears in Heaven,Phoebe Bridgers,,,not found,not found,not found,c864f07a-2f12-40c1-b7d4-059008c6fd5f,64545,VAUGHAN JAMES D MUSIC PUBLISHER,502211618,No result,No result,1463453,BLUE SKY RIDER SONGS,No result,No result,No result
95,Nothing Eles Matters,Metallica,,,Metalica,['0000000122939631'],not found,abcc0ad6-6c2e-4c0a-ba03-76c73730dc8e,No result,No result,No result,No result,No result,no result,no result,No result,No result,No result
96,Livin On A Prayer,Benjamin chase,,,B. Britten,['0000000121181099'],['00004252041'],9819de5e-2bfd-481a-a049-41e5e6b59f69,602002,BMG SILVER SONGS US,420325553,AGGRESSIVE MUSIC,129573848,15177678,TUNECORE DIGITAL MUSIC,100050590,BON JOVI PUBLISHING,126061999
97,Comforitably numb,Pink floyd's,,,Pink Floid,['0000000109397559'],not found,a9f53d92-7383-4c7d-8a50-6756050d2cba,No result,No result,No result,No result,No result,no result,no result,No result,No result,No result
98,Sweet child O' mine,Billboard,,,Billboard Matt,not found,['00519444445'],446b75dc-de9d-47ed-bbf9-85e23a7b1cbe,689864622,GUNS N' ROSES MUSIC,497094696,GUNS N' ROSES MUSIC,127501401,19016923,no result,100055382,BLOOD MERIDIAN,847397685
99,Another Brick in the wall Part 2,Bassist rogers,,,Kenny Rodgers,['0000000073670305'],not found,92dbdad1-3689-4f55-832c-9cf4966eaa5b,No result,No result,No result,No result,No result,14652106,BMG PLATINUM SONGS US,No result,No result,No result
100,Walk this Way,Elaine cushman,,,not found,not found,not found,24baa43c-daf8-4ac5-9fa1-c75a740bd4fa,162146,SCHMIDT-A-P CO,530352575,No result,No result,1599866,MUSIC OF STAGE THREE AEROSMITH ACCOUNT,No result,No result,No result
101,Good Vibrations,The Beach boys,,,not found,['0000000121941107'],not found,aeaa3f88-e945-43cc-928c-507b4e7a24c4,703132,DASHING SUNS MUSIC,370131072,KPM APM,445332863,497382,IRVING MUSIC,No result,No result,No result
102,Let it Be,The Beatles,,,not found,['0000000121707484'],not found,d9b6e695-2b79-4732-97a4-b1b6c6b5bfdc,1790,EMANDELL TUNES,420021372,UNIVERSAL MUSIC CORPORATION,31312147,852033,no result,100081917,HARRISONGS LTD,No result
103,A Day in the Life,The Beatles,,,not found,['0000000121707484'],not found,672fac4d-14d8-4e8f-9892-0cadbef7353a,554564,JERSONGS,310405415,COSMIC LOUNGE MUSIC INC,337648927,282496,no result,100065813,TEMPO INVESTMENTS/SMACK HITS,No result
104,Wont Get Fooled Again,The Who,,,High Numbers,['0000000123373203'],not found,d52a4624-da90-4c9b-951b-82a18902a732,No result,No result,530595018,No result,No result,27995725,ABKCO MUSIC INC,100051063,TOWSER TUNES,347220
105,November Rain,Guns N Roses,,,not found,['0000000121589641'],not found,4e50023e-fda3-46c9-8826-2336a096b24f,575897,GUNS N' ROSES MUSIC,440194612,GUNS N' ROSES MUSIC,127501401,1090025,no result,100055334,BLOOD MERIDIAN,847397685
106,Hotel California,Eagles,,,not found,['0000000115265624'],not found,6afe8845-7cb6-41fd-b13c-3e2492308956,1078499,BMG RIGHTS MANAGEMENT (UK) LIMITED,380174570,FINGERS MUSIC,88231955,6576413,REVERB AMERICA MUSIC,100041852,CASS COUNTY MUSIC CO,88231759
107,Born To Run,Bruce Springsteen,,,The Boss,['0000000121418834'],['00076333277'],7d7cf501-cc26-4047-8c0a-94303aafa06f,722588,PULSE WORLDWIDE,320192967,No result,No result,140758,IRVING MUSIC,100051785,SPRINGSTEEN BRUCE,36951665
108,Like a Rolling Stone,Bob Dylan,,,Robert Allen Zimmerman,['0000000121479733'],"['00008955074', '00008955172']",2e7921ad-697c-42c8-a6fd-8ec1cb89efb9,514773,SPECIAL RIDER MUSIC,889717712,GZ 2538 S.R.L.,184868614,871651,UBU PROJEX,No result,No result,No result
109,Bohemian Rhapsody,Queen,,,not found,['0000000115265309'],not found,acef58d0-d72f-4809-b8e0-c6f042480e17,10007881,BRICK AND MOTOR LOVE IS WORN,320199817,QUEEN MUSIC LTD,46593362,5276058,FEIERABEND MUSIC,No result,No result,No result
110,"No Woman, No Cry",Bob marley,,,Bobby Martell,['0000000122768131'],"['00019675460', '00034755283', '00581446340']",5f754a5b-6ef0-4c8a-ae26-21c7c35a104a,695045,JARED PIZARRO PUBLISHING,897406651,MORGANACTIVE SONGS INC,126837953,1080253,UNIVERSAL SONGS OF POLYGRAM INTERNATIONAL INC,No result,No result,No result
111,You’ve Lost That Lovin’ Feeling,The Righteous Brothers,,,Righteous Brothers,['0000000090086047'],not found,02484fc4-3757-4f3c-bc90-d3017bda5076,No result,No result,440085552,BLACKWELL FULLER MUSIC PUBLISHING LLC,659427604,No result,No result,No result,No result,No result
112,Sympathy For The Devil,The rolling stones,,,not found,['0000000121924040'],not found,c1c5eae0-af66-4bc2-abd8-f90ca5332e50,999988,DEFENSIVE MUSIC PUBLISHING,492616872,EL NEGRO MUSIC PUBLISHING,349764907,1444456,ABKCO MUSIC INC,No result,No result,No result
113,I Walk The Line,Johnny cash,,,Johhny Cash,['0000000108823456'],['00005462217'],d24e14be-0644-486b-bd52-7abab24a9e1c,No result,No result,394031957,KASSNER ASSOC PUBL LTD,54570188,687432,HOUSE OF CASH INC,No result,No result,No result
114,People Get Ready,Curtis Mayfiled,,,not found,not found,not found,bdd0774d-19c4-47a7-9b66-88121375186f,537627,SUNRISE 7 MUSIC PUBLISHING,460347786,EMI APRIL MUSIC INC,128633767,1164443,MIJAC MUSIC,No result,No result,No result
115,Baba O’Riley,The Who,,,High Numbers,['0000000123373203'],not found,acb7ea75-4243-4ba5-b6f6-eab293b805d4,No result,No result,No result,No result,No result,70063,ABKCO MUSIC INC,No result,No result,No result
116,Be My Baby,The Ronettes,,,Ronettes,not found,not found,cd67da89-2dc6-49df-bd48-29054e8d4927,4932,AUGSBURG FORTRESS PUBLISHERS,320024086,LEO TALENT # MUSIC PUBLISHERS,853875789,1450428,UNICHAPPELL MUSIC INC,100043976,MATZA BALLZACK MUSIC,680678212
117,Behind Blue Eyes,Limp Bizkit,,,Limp Biskit,['0000000123149113'],not found,74179053-c6c4-4d1c-924a-31886815489e,57808399,RESL MOTION AUDIO,321067172,THIRSTY MOON RIVER PUBLISHING,336864633,101422,ALLEY MUSIC CORP,100050982,TOWSER TUNES,347220
118,Hound Dog,Elvis Presley,,,Elvis Aaron Presley,['0000000121241960'],"['00056021705', '00056021803', '00058226279']",8d70aa24-55a0-4a51-bd55-8abbd8fa6ae1,648183,SHALOHA MUSIC,334500035,BWN MUSIC,541197262,94632,SONY/ATV SONGS LLC,No result,No result,No result
119,Rock Around The Clock,Bill Haley,,,"William John Clinton Haley, Jr.",['0000000114786233'],['00013220646'],7a99f156-e68f-4bfb-b656-041d3e7941cf,No result,No result,610360824,No result,No result,1799969,No result,No result,No result,No result
120,Here Comes The Sun,The Beatles,,,not found,['0000000121707484'],not found,bf0fe09f-83c4-4321-acf2-aaf9fbcd74a0,712760,CAREERS BMG MUSIC PUBLISHING,380141908,HARRISONGS LTD,42089299,557846,PARKER MUSIC,100083762,HARRISONGS LTD,No result
121,You Really Got Me,The Kinks,,,Muswell Ravens,['0000000115404823'],not found,0672d4a6-646c-4580-b97b-28083df10cce,650256,CHRISTALEEP,550578679,SONY/ATV TUNES LLC,338164558,1733421,JAY-BOY MUSIC CORP,100050689,BON JOVI PUBLISHING,126061999
122,Purple Haze,Jimi Hendrix,,,not found,['0000000110259073'],['00041212145'],7cb2a969-2237-486d-a4da-fc154e02fbb7,12853944,CAPTAINGETDOWN,460117248,EXPERIENCE HENDRIX LLC,338387727,28205641,ROBERT STERLING MUSIC PUBLISHING,No result,No result,No result
123,What A Wonderful World,Louis Armstrong,,,not found,['0000000110198071'],['00001334546'],e5b9a91f-904e-4422-9ed1-b53aebb70bbe,507252,TWINS STING,530035800,CHAPPELL-CO INC,5876870,1629736,ABKCO MUSIC INC,No result,No result,No result
124,The Sound Of Silence,The Kinks,,,Muswell Ravens,['0000000115404823'],not found,6edfa417-7f7c-41a1-b52d-6e29a156ffaa,1059121,THINK MUSIC,884540853,GAMMA STRENGTH PUBLISHING,471724452,38656025,TUNECORE DIGITAL MUSIC,No result,No result,No result
125,A Day In The Life,The Beatles,,,not found,['0000000121707484'],not found,672fac4d-14d8-4e8f-9892-0cadbef7353a,554564,JERSONGS,310405415,COSMIC LOUNGE MUSIC INC,337648927,282496,No result,100065813,TEMPO INVESTMENTS/SMACK HITS,No result
126,Light My Fire,The Doors,,,Jim Morrison & the Doors,"['0000000115160232', '0000000412022725']",not found,91c569a2-22a4-48fd-adfd-3c0963603f83,37456,SCHMIDT-A-P CO,420138596,DOORS MUSIC COMPANY,41943490,870167,CHRIS WHITE MUSIC,No result,No result,No result
127,Paint It Black,The Rolling Stones,,,not found,['0000000121924040'],not found,dee6539b-e09d-4ed5-b5c8-c70fb0a8447d,806530,GOOD SONGS PUBLISHING A/S,460278655,UNIVERSAL MUSIC CORPORATION,31312147,1147261,ABKCO MUSIC INC,No result,No result,No result
128,All Along The Watchtower,Jimi Hendrix,,,not found,['0000000110259073'],['00041212145'],728e1261-38fa-42cd-bcc8-03f57f7498aa,514986,All Along The Watchtower,883156235,HITS FROM DA BONG MUSIC,338093750,25467176,TUNECORE DIGITAL MUSIC,No result,No result,No result
129,Stairway To Heaven,Led Zeppelin,,,not found,['0000000123483226'],not found,ee940b76-9f18-41dd-a191-7305be288fe0,543342,BARCAROLE PUBLISHING,490294198,SUPERHYPE PUBL INC,39888619,1400435,NEIL SEDAKA MUSIC,No result,No result,No result
130,God Only Knows,The Beach Boys,,,not found,['0000000121941107'],not found,b8e26e90-677a-4b1b-958d-b31a68c4fc11,546292,GUYER SONGS,370128433,COLGEMS EMI MUSIC INC,10397316,484174,MARQUIS SONGS USA,No result,No result,No result
131,Family Affair,Mary J Blige,,,,,,,,,,,,5577656,COLORSCAPES PUBLISHING,No result,No result,No result
132,Pyramid Song,Radiohead,,,,,,,,,,,,1213776,UNICHAPPELL MUSIC INC,No result,No result,No result
133,My City of Ruins,Bruce Springsteen,,,,,,,,,,,,No result,No result,100051665,SPRINGSTEEN BRUCE,36951665
134,Heartbeats,The Knife,,,,,,,,,,,,547568,BMG PLATINUM SONGS US,100064011,SPRUCE ROAD PUBLISHING,799432288
135,Try Again,Aaliyah,,,,,,,,,,,,1550800,SONGS OF UNIVERSAL INC,100078077,FOX GLOBAL MUSIC INC,801538365
136,Stillness Is the Move,Dirty Projectors,,,,,,,,,,,,16445813,EASY TEMPO,No result,No result,No result
137,Standing in the Way of Control,Gossip,,,,,,,,,,,,No result,No result,No result,No result,No result
138,Dirt Off Your Shoulder,Jay-D,,,,,,,,,,,,7427244,BIG BAD MR HAHN MUSIC,No result,No result,No result
139,Get The Party Started,P!nk,,,,,,,,,,,,14387559,THE REDEMPTIVE PROCESS,No result,No result,No result
140,Gone Gone Gone,Phillip Phillips,,,,,,,,,,,,539929,GOOD OL HARLAN SONGS,100002948,No result,334307783
141,Not Ready to Make Nice,The chicks,,,,,,,,,,,,8055950,SONGS OF KOBALT MUSIC PUBLISHING,No result,No result,No result
142,Hung Up,Madonna,,,,,,,,,,,,15507115,ALEXEI MISOUL MUSIC,100061283,WE ARE CREATIVE NATION,816507735
143,Wolf Like Me,Tv on the Radio,,,,,,,,,,,,15463941,CD BABY BETA,No result,No result,No result
144,No One Knows,Queens of the Stone Age,,,,,,,,,,,,6139627,BOARDSTIFF MUSIC INC,100051395,No result,No result
145,Use Somebody,Kings Of Leon,,,,,,,,,,,,9856673,No result,No result,No result,No result
146,I Bet You Look Good On The Dance Floor,Arctic Monkeys,,,,,,,,,,,,No result,No result,No result,No result,No result
147,Viva La Vida,Coldplay,,,,,,,,,,,,886854,SCREEN GEMS-EMI MUSIC INC,No result,No result,No result
148,Boulevard of Broken Dreams,Green day,,,,,,,,,,,,143067,LONPORT MUSIC INC,No result,No result,No result
149,Vertigo,Irish rock band U2,,,,,,,,,,,,1584458,EMI GOLD HORIZON MUSIC CORP,100002799,ROCK DOG MUSIC,125248492
150,Are You Gonna Be My Girl,Australian rock band Jet,,,,,,,,,,,,3800482,LOOKS MUSIC,No result,No result,No result
151,Irreplaceable,Beyonce,,,,,,,,,,,,7968400,STELLAR SONGS LIMITED,No result,No result,No result
152,Hard to Explain,The strokes,,,,,,,,,,,,526770,SAY-BAH MUSIC,No result,No result,No result
153,Fell In Love With a Girl,The White Stripes,,,,,,,,,,,,5807803,PEPPERMINT STRIPE MUSIC,No result,No result,No result
154,New Slang,The shins,,,,,,,,,,,,5739412,LETTUCE FLAVORED MUSIC,No result,No result,No result
155,The Scientist,Coldplay,,,,,,,,,,,,8009296,BRUIN MUSIC COMPANY,No result,No result,No result
156,House of Jealous Lovers,The Rapture,,,,,,,,,,,,No result,No result,No result,No result,No result
157,Beautiful,Christina Aguilera,,,,,,,,,,,,6340394,EMI BLACKWOOD MUSIC INC,100055514,APOCRAPHEX,437803450
158,Single Ladies,Beyonce,,,,,,,,,,,,13976976,CONCORD COPYRIGHTS,No result,No result,No result
159,Mr. Brightside,The Killers,,,,,,,,,,,,5712077,No result,No result,No result,No result
160,American Idiot,Green day,,,,,,,,,,,,26836668,CORE CATALOG,No result,No result,No result
161,Wake Up,The Vamps,,,,,,,,,,,,28011587,EMI BLACKWOOD MUSIC INC,100068233,FOX GLOBAL MUSIC INC,801538365
162,All My Friends,Snakehips,,,,,,,,,,,,8677292,BMG BUMBLEBEE,100071213,MUSIC BY SMITH,847397783
163,Clint Eastwood,Gorillaz,,,,,,,,,,,,5450554,EMI BLACKWOOD MUSIC INC,No result,No result,No result
164,Losing My Edge,LCD soundsystem,,,,,,,,,,,,23917220,BMG PLATINUM SONGS US,No result,No result,No result
165,Moment of Surrender,U2,,,,,,,,,,,,10433626,UPALA MUSIC INC,No result,No result,No result
166,One More Time,Daft punk,,,,,,,,,,,,5404295,TTUFF TTONY MUSIC,100054101,HUDMAR PUBLISHING CO INC,14526117
167,Take Me Out,Franz Ferdinand,,,,,,,,,,,,1450617,No result,No result,No result,No result
168,A Few Words in Defense of Our Country,Randy Newman,,,,,,,,,,,,No result,No result,No result,No result,No result
169,Such Great Heights,The Postal Service,,,,,,,,,,,,6230492,DYING SONGS,No result,No result,No result
170,Everything in Its Right Place,Radiohead,,,,,,,,,,,,25285812,B LION MUSIC,No result,No result,No result
171,Cry Me a River,Justin Timberlake,,,,,,,,,,,,261641,EMBASSY MUSIC CORPORATION,No result,No result,No result
172,Since U Been Gone,Kelly Clarkson,,,,,,,,,,,,17552528,No result,No result,No result,No result
173,Lose Yourself,Eminem,,,,,,,,,,,,6152528,EIGHT MILE STYLE MUSIC,100001861,MORE WATER FROM NAZARETH PUBLISHING INC,602234598
174,Time to Pretend,Brooklyn Vegan,,,,,,,,,,,,12692433,BASED OUT MUSIC PUBLISHING,No result,No result,No result
175,Beautiful Day,Tom Hanks,,,,,,,,,,,,16126288,ACHTOBER SONGS,100055005,No result,No result
176,Seven Nation Army,Kake,,,,,,,,,,,,6406560,PEPPERMINT STRIPE MUSIC,No result,No result,No result
177,Paper Planes,Remi wolf,,,,,,,,,,,,9882699,EMI BLACKWOOD MUSIC INC,100033249,TEMPO INVESTMENTS/SMACK HITS,No result
178,Crazy in Love,Beyonce,,,,,,,,,,,,6483135,EMI BLACKWOOD MUSIC INC,100058608,WARNER-GRANDVIEW MUSIC,No result
179,99 Problems,Jay-Z,,,,,,,,,,,,6810466,UNIVERSAL MUSIC CAREERS,No result,No result,No result
180,In Da Club,Rick Ross,,,,,,,,,,,,7394896,C AMORE MUSIC,No result,No result,No result